<?xml version="1.0" encoding="UTF-8"?>
<teamcity-plugin xmlns:xsi="http://www.w3.org/2001/XMLSchema-instance"
                 xsi:noNamespaceSchemaLocation="urn:shemas-jetbrains-com:teamcity-plugin-v1-xml">
  <info>
    <name>samplePlugin</name>
    <display-name>samplePlugin</display-name>
    <version>SNAPSHOT-201806131817</version>
    <description>What your plugin does?</description>

    <vendor>
      <name>Your company/name</name>
      <url>http://enter.your.url.com</url>
    </vendor>
  </info>
</teamcity-plugin>
